"","date_correct_format","price","quantity"
"V1","2013-12-19","53.942","157"
"V2","2013-12-20","32.402","266"
"V3","2013-12-21","28.018","267"
"V4","2013-12-22","23.939","259"
"V5","2013-12-23","19.733","340"
"V6","2013-12-24","19.752","322"
"V7","2013-12-25","20.153","238"
"V8","2013-12-26","19.492","375"
"V9","2013-12-27","17.93","371"
"V10","2013-12-28","17.052","354"
"V11","2013-12-29","14.555","404"
"V12","2013-12-30","13.188","520"
"V13","2013-12-31","12.233","426"
"V14","2014-01-01","11.905","416"
"V15","2014-01-02","11.506","488"
"V16","2014-01-03","11.202","335"
"V17","2014-01-04","11.494","535"
"V18","2014-01-05","11.052","542"
"V19","2014-01-06","10.641","510"
"V20","2014-01-07","10.37","473"
"V21","2014-01-08","10.077","461"
"V22","2014-01-09","10.078","476"
"V23","2014-01-10","10.121","548"
"V24","2014-01-11","10.655","467"
"V25","2014-01-12","9.803","522"
"V26","2014-01-13","8.769","593"
"V27","2014-01-14","8.701","536"
"V28","2014-01-15","8.764","454"
"V29","2014-01-16","8.444","502"
"V30","2014-01-17","8.141","517"
"V31","2014-01-18","8.217","722"
"V32","2014-01-19","8.232","693"
"V33","2014-01-20","8.092","579"
"V34","2014-01-21","7.55","559"
"V35","2014-01-22","7.641","569"
"V36","2014-01-23","7.403","542"
"V37","2014-01-24","7.34","659"
"V38","2014-01-25","7.686","690"
"V39","2014-01-26","7.54","711"
"V40","2014-01-27","7.17","623"
"V41","2014-01-28","6.945","625"
"V42","2014-01-29","6.738","661"
"V43","2014-01-30","6.559","558"
"V44","2014-01-31","6.183","731"
"V45","2014-02-01","6.08","884"
"V46","2014-02-02","6.303","764"
"V47","2014-02-03","5.976","651"
"V48","2014-02-04","5.842","597"
"V49","2014-02-05","5.624","578"
"V50","2014-02-06","5.465","767"
"V51","2014-02-07","5.889","698"
"V52","2014-02-08","5.719","806"
"V53","2014-02-09","5.534","818"
"V54","2014-02-10","5.326","710"
"V55","2014-02-11","5.193","658"
"V56","2014-02-12","4.979","619"
"V57","2014-02-13","4.786","663"
"V58","2014-02-14","4.874","761"
"V59","2014-02-15","4.873","838"
"V60","2014-02-16","4.915","737"
"V61","2014-02-17","4.721","622"
"V62","2014-02-18","4.469","585"
"V63","2014-02-19","4.246","583"
"V64","2014-02-20","4.246","604"
"V65","2014-02-21","3.809","785"
"V66","2014-02-22","3.59","1005"
"V67","2014-02-23","4.054","907"
"V68","2014-02-24","4.215","739"
"V69","2014-02-25","4.485","678"
"V70","2014-02-26","4.465","615"
"V71","2014-02-27","4.435","724"
"V72","2014-02-28","4.465","887"
"V73","2014-03-01","4.427","913"
"V74","2014-03-02","4.475","925"
"V75","2014-03-03","4.467","790"
"V76","2014-03-04","4.224","682"
"V77","2014-03-05","4.203","684"
"V78","2014-03-06","4.456","720"
"V79","2014-03-07","4.289","778"
"V80","2014-03-08","4.353","931"
"V81","2014-03-09","4.52","961"
"V82","2014-03-10","4.514","770"
"V83","2014-03-11","4.467","783"
"V84","2014-03-12","4.787","761"
"V85","2014-03-13","5.246","618"
"V86","2014-03-14","5.352","680"
"V87","2014-03-15","4.603","1207"
"V88","2014-03-16","4.557","1163"
"V89","2014-03-17","4.759","896"
"V90","2014-03-18","5.214","814"
"V91","2014-03-19","5.178","909"
"V92","2014-03-20","5.349","817"
"V93","2014-03-21","5.215","870"
"V94","2014-03-22","5.228","1095"
"V95","2014-03-23","5.093","927"
"V96","2014-03-24","5.267","972"
"V97","2014-03-25","5.524","681"
"V98","2014-03-26","5.533","774"
"V99","2014-03-27","5.429","837"
"V100","2014-03-28","5.246","945"
"V101","2014-03-29","5.108","1154"
"V102","2014-03-30","4.992","1180"
"V103","2014-03-31","5.147","1019"
"V104","2014-04-01","5.663","634"
"V105","2014-04-02","5.134","890"
"V106","2014-04-03","5.212","879"
"V107","2014-04-04","5.001","1065"
"V108","2014-04-05","4.948","1149"
"V109","2014-04-06","5.08","1099"
"V110","2014-04-07","5.001","982"
"V111","2014-04-08","4.905","966"
"V112","2014-04-09","5.056","957"
"V113","2014-04-10","5.049","967"
"V114","2014-04-11","4.86","1121"
"V115","2014-04-12","4.771","1075"
"V116","2014-04-13","4.755","1199"
"V117","2014-04-14","4.736","1201"
"V118","2014-04-15","4.79","1168"
"V119","2014-04-16","4.507","1122"
"V120","2014-04-17","4.616","1136"
"V121","2014-04-18","4.593","1146"
"V122","2014-04-19","4.679","1248"
"V123","2014-04-20","4.556","1146"
"V124","2014-04-21","4.346","1125"
"V125","2014-04-22","4.448","987"
"V126","2014-04-23","4.385","1036"
"V127","2014-04-24","4.402","1103"
"V128","2014-04-25","4.414","1174"
"V129","2014-04-26","4.418","1304"
"V130","2014-04-27","4.373","1312"
"V131","2014-04-28","4.263","1122"
"V132","2014-04-29","4.261","1181"
"V133","2014-04-30","4.261","1219"
"V134","2014-05-01","4.21","1355"
"V135","2014-05-02","3.975","1265"
"V136","2014-05-03","4.084","1758"
"V137","2014-05-04","4.191","1810"
"V138","2014-05-05","4.019","1422"
"V139","2014-05-06","4.026","1433"
"V140","2014-05-07","4.531","1553"
"V141","2014-05-08","4.613","1558"
"V142","2014-05-09","4.109","1452"
"V143","2014-05-10","3.831","1658"
"V144","2014-05-11","3.612","1554"
"V145","2014-05-12","3.467","1261"
"V146","2014-05-13","3.794","1276"
"V147","2014-05-14","3.841","1330"
"V148","2014-05-15","3.911","1515"
"V149","2014-05-16","3.674","1434"
"V150","2014-05-17","3.615","1623"
"V151","2014-05-18","3.845","1502"
"V152","2014-05-19","3.855","1134"
"V153","2014-05-20","3.877","1123"
"V154","2014-05-21","4.098","1288"
"V155","2014-05-22","4.121","1144"
"V156","2014-05-23","3.7","1370"
"V157","2014-05-24","3.85","1365"
"V158","2014-05-25","3.919","1400"
"V159","2014-05-26","3.846","1242"
"V160","2014-05-27","3.926","1175"
"V161","2014-05-28","3.758","1174"
"V162","2014-05-29","3.603","1155"
"V163","2014-05-30","3.728","1301"
"V164","2014-05-31","3.62","1277"
"V165","2014-06-01","3.635","1337"
"V166","2014-06-02","3.434","1186"
"V167","2014-06-03","3.699","1164"
"V168","2014-06-04","3.498","1133"
"V169","2014-06-05","3.4","1181"
"V170","2014-06-06","3.469","1175"
"V171","2014-06-07","3.32","1214"
"V172","2014-06-08","3.413","1261"
"V173","2014-06-09","3.393","1019"
"V174","2014-06-10","3.365","1217"
"V175","2014-06-11","3.303","1110"
"V176","2014-06-12","3.324","1274"
"V177","2014-06-13","3.634","1160"
"V178","2014-06-14","3.855","1297"
"V179","2014-06-15","3.765","1384"
"V180","2014-06-16","3.854","1318"
"V181","2014-06-17","3.218","1427"
"V182","2014-06-18","3.174","1263"
"V183","2014-06-19","3.079","1301"
"V184","2014-06-20","2.432","1574"
"V185","2014-06-21","2.445","1517"
"V186","2014-06-22","2.405","1508"
"V187","2014-06-23","2.301","1594"
"V188","2014-06-24","2.362","1408"
"V189","2014-06-25","2.502","1527"
"V190","2014-06-26","2.814","1398"
"V191","2014-06-27","2.898","1414"
"V192","2014-06-28","3.048","1492"
"V193","2014-06-29","2.883","1622"
"V194","2014-06-30","2.874","1613"
"V195","2014-07-01","3.476","1511"
"V196","2014-07-02","2.353","1672"
"V197","2014-07-03","2.822","1466"
"V198","2014-07-04","3.037","1181"
"V199","2014-07-05","3.234","1275"
"V200","2014-07-06","3.405","1302"
"V201","2014-07-07","3.604","1344"
"V202","2014-07-08","3.606","1274"
"V203","2014-07-09","3.675","1369"
"V204","2014-07-10","3.547","1350"
"V205","2014-07-11","3.596","1540"
"V206","2014-07-12","3.858","1346"
"V207","2014-07-13","4.056","1386"
"V208","2014-07-14","4.188","1470"
"V209","2014-07-15","4.485","1574"
"V210","2014-07-16","4.371","1408"
"V211","2014-07-17","4.114","1383"
"V212","2014-07-18","4.05","1342"
"V213","2014-07-19","4.121","1329"
"V214","2014-07-20","3.74","1427"
"V215","2014-07-21","4.118","1406"
"V216","2014-07-22","4.057","1268"
"V217","2014-07-23","4.441","1300"
"V218","2014-07-24","4.407","1291"
"V219","2014-07-25","4.558","1459"
"V220","2014-07-26","4.622","1427"
"V221","2014-07-27","4.88","1391"
"V222","2014-07-28","4.792","1541"
"V223","2014-07-29","4.975","1539"
"V224","2014-07-30","5.14","1404"
"V225","2014-07-31","5.14","1565"
"V226","2014-08-01","5.095","1603"
"V227","2014-08-02","5.6","1658"
"V228","2014-08-03","5.29","1703"
"V229","2014-08-04","5.006","1630"
"V230","2014-08-05","4.425","1809"
"V231","2014-08-06","4.712","1597"
"V232","2014-08-07","5.13","1589"
"V233","2014-08-08","5.211","1589"
"V234","2014-08-09","5.208","1438"
"V235","2014-08-10","5.406","1376"
"V236","2014-08-11","5.369","1525"
"V237","2014-08-12","5.461","1411"
"V238","2014-08-13","5.633","1407"
"V239","2014-08-14","5.835","1657"
"V240","2014-08-15","5.686","1660"
"V241","2014-08-16","5.698","1917"
"V242","2014-08-17","4.412","2238"
"V243","2014-08-18","4.863","1605"
"V244","2014-08-19","5.459","1544"
"V245","2014-08-20","5.635","1467"
"V246","2014-08-21","5.772","1476"
"V247","2014-08-22","5.747","1544"
"V248","2014-08-23","5.781","1595"
"V249","2014-08-24","5.966","1508"
"V250","2014-08-25","6.063","1573"
"V251","2014-08-26","6.321","1589"
"V252","2014-08-27","6.353","1631"
"V253","2014-08-28","6.384","1545"
"V254","2014-08-29","6.284","1683"
"V255","2014-08-30","6.373","1792"
"V256","2014-08-31","6.258","1631"
"V257","2014-09-01","6.697","1655"
"V258","2014-09-02","6.677","1536"
"V259","2014-09-03","7.216","1313"
"V260","2014-09-04","7.022","1270"
"V261","2014-09-05","6.323","1546"
"V262","2014-09-06","6.617","1624"
"V263","2014-09-07","6.779","1524"
"V264","2014-09-08","6.85","1292"
"V265","2014-09-09","6.974","1178"
"V266","2014-09-10","7.229","1246"
"V267","2014-09-11","6.561","1548"
"V268","2014-09-12","6.142","1642"
"V269","2014-09-13","6.056","1771"
"V270","2014-09-14","6.182","1610"
"V271","2014-09-15","6.26","1418"
"V272","2014-09-16","6.402","1353"
"V273","2014-09-17","6.391","1384"
"V274","2014-09-18","6.549","1337"
"V275","2014-09-19","6.273","1460"
"V276","2014-09-20","6.026","1713"
"V277","2014-09-21","6.267","1452"
"V278","2014-09-22","6.235","1383"
"V279","2014-09-23","6.411","1156"
"V280","2014-09-24","6.417","1182"
"V281","2014-09-25","6.863","1033"
"V282","2014-09-26","6.454","1411"
"V283","2014-09-27","6.205","1680"
"V284","2014-09-28","6.582","1546"
"V285","2014-09-29","6.39","1232"
"V286","2014-09-30","6.292","1248"
"V287","2014-10-01","6.55","1328"
"V288","2014-10-02","6.818","1361"
"V289","2014-10-03","6.768","1525"
"V290","2014-10-04","6.824","1727"
"V291","2014-10-05","6.764","1715"
"V292","2014-10-06","7.011","1346"
"V293","2014-10-07","7.161","1316"
"V294","2014-10-08","7.003","1265"
"V295","2014-10-09","7.017","1413"
"V296","2014-10-10","6.775","1563"
"V297","2014-10-11","6.843","1805"
"V298","2014-10-12","6.989","1578"
"V299","2014-10-13","6.978","1291"
"V300","2014-10-14","7.384","1146"
"V301","2014-10-15","7.183","1196"
"V302","2014-10-16","7.194","1214"
"V303","2014-10-17","6.709","1505"
"V304","2014-10-18","6.649","1758"
"V305","2014-10-19","6.331","1631"
"V306","2014-10-20","6.341","1281"
"V307","2014-10-21","6.426","1154"
"V308","2014-10-22","6.819","1167"
"V309","2014-10-23","6.915","1261"
"V310","2014-10-24","7.385","1357"
"V311","2014-10-25","7.542","1413"
"V312","2014-10-26","6.328","1876"
"V313","2014-10-27","6.133","1347"
"V314","2014-10-28","6.36","1291"
"V315","2014-10-29","6.523","1187"
"V316","2014-10-30","7.794","1091"
"V317","2014-10-31","6.263","1806"
"V318","2014-11-01","6.309","1814"
"V319","2014-11-02","6.223","1715"
"V320","2014-11-03","6.244","1231"
"V321","2014-11-04","6.466","1223"
"V322","2014-11-05","6.545","1159"
"V323","2014-11-06","6.492","1322"
"V324","2014-11-07","6.566","1335"
"V325","2014-11-08","6.89","1469"
"V326","2014-11-09","6.483","1470"
"V327","2014-11-10","6.479","1300"
"V328","2014-11-11","6.456","1242"
"V329","2014-11-12","4.789","2320"
"V330","2014-11-13","4.989","1711"
"V331","2014-11-14","5.233","1681"
"V332","2014-11-15","5.365","1727"
"V333","2014-11-16","5.553","1661"
"V334","2014-11-17","5.348","1411"
"V335","2014-11-18","5.707","1201"
"V336","2014-11-19","5.645","1081"
"V337","2014-11-20","5.492","1063"
"V338","2014-11-21","5.175","1363"
"V339","2014-11-22","5.196","1540"
"V340","2014-11-23","5.161","1423"
"V341","2014-11-24","5.041","1206"
"V342","2014-11-25","5.633","1032"
"V343","2014-11-26","5.812","1267"
"V344","2014-11-27","5.761","1696"
"V345","2014-11-28","5.817","1702"
"V346","2014-11-29","8.509","332"
"V347","2014-11-30","6.454","2757"
"V348","2014-12-01","4.716","1605"
"V349","2014-12-02","5.251","1487"
"V350","2014-12-03","5.956","1284"
"V351","2014-12-04","6.48","1226"
"V352","2014-12-05","6.921","1424"
"V353","2014-12-06","7.405","1716"
"V354","2014-12-07","6.934","1665"
"V355","2014-12-08","6.73","1397"
"V356","2014-12-09","6.826","1385"
"V357","2014-12-10","6.79","1432"
"V358","2014-12-11","7.104","1352"
"V359","2014-12-12","6.807","1440"
"V360","2014-12-13","6.961","1860"
"V361","2014-12-14","6.987","1569"
"V362","2014-12-15","6.801","1403"
"V363","2014-12-16","6.62","1483"
"V364","2014-12-17","6.712","1564"
"V365","2014-12-18","6.687","1478"
"V366","2014-12-19","6.77","1747"
"V367","2014-12-20","6.224","1812"
"V368","2014-12-21","6.46","1726"
"V369","2014-12-22","6.182","1785"
"V370","2014-12-23","6.427","1582"
"V371","2014-12-24","6.096","1751"
"V372","2014-12-25","6.828","1934"
"V373","2014-12-26","7.134","1994"
"V374","2014-12-27","7.287","2155"
"V375","2014-12-28","7.706","1859"
"V376","2014-12-29","7.533","1942"
"V377","2014-12-30","7.759","1988"
"V378","2014-12-31","7.938","1732"
"V379","2015-01-01","7.53","1650"
"V380","2015-01-02","7.789","2173"
"V381","2015-01-03","8.199","2027"
"V382","2015-01-04","8.404","1845"
"V383","2015-01-05","8.455","1824"
"V384","2015-01-06","8.703","1684"
"V385","2015-01-07","9.139","1387"
"V386","2015-01-08","8.927","1691"
"V387","2015-01-09","9.034","2472"
"V388","2015-01-10","9.996","2661"
"V389","2015-01-11","10.302","2379"
"V390","2015-01-12","10.208","2027"
"V391","2015-01-13","10.549","1996"
"V392","2015-01-14","10.762","1840"
"V393","2015-01-15","10.975","1824"
"V394","2015-01-16","10.214","2143"
"V395","2015-01-17","10.028","2130"
"V396","2015-01-18","9.947","2113"
"V397","2015-01-19","9.815","1759"
"V398","2015-01-20","9.82","1723"
"V399","2015-01-21","9.874","1619"
"V400","2015-01-22","9.65","1658"
"V401","2015-01-23","10.152","1933"
"V402","2015-01-24","10.349","1951"
"V403","2015-01-25","9.462","2273"
"V404","2015-01-26","9.203","1899"
"V405","2015-01-27","9.35","1780"
"V406","2015-01-28","9.796","1543"
"V407","2015-01-29","9.272","1779"
"V408","2015-01-30","9.413","2096"
"V409","2015-01-31","9.683","2123"
"V410","2015-02-01","9.093","2375"
"V411","2015-02-02","9.059","1763"
"V412","2015-02-03","9.299","1710"
"V413","2015-02-04","9.445","1584"
"V414","2015-02-05","9.265","1793"
"V415","2015-02-06","9.068","2009"
"V416","2015-02-07","9.508","2251"
"V417","2015-02-08","8.85","2037"
"V418","2015-02-09","9.127","1573"
"V419","2015-02-10","9.328","1428"
"V420","2015-02-11","9.051","1545"
"V421","2015-02-12","8.772","1764"
"V422","2015-02-13","8.778","1927"
"V423","2015-02-14","9.148","2179"
"V424","2015-02-15","8.898","2109"
"V425","2015-02-16","8.749","1946"
"V426","2015-02-17","8.798","1814"
"V427","2015-02-18","9.103","1638"
"V428","2015-02-19","9.07","1643"
"V429","2015-02-20","9.028","1854"
"V430","2015-02-21","9.309","1659"
"V431","2015-02-22","9.373","1629"
"V432","2015-02-23","9.391","1484"
"V433","2015-02-24","9.514","1383"
"V434","2015-02-25","9.42","1483"
"V435","2015-02-26","9.631","1386"
"V436","2015-02-27","9.052","1920"
"V437","2015-02-28","9.316","1905"
"V438","2015-03-01","9.307","1748"
"V439","2015-03-02","9.488","1413"
"V440","2015-03-03","9.559","1337"
"V441","2015-03-04","9.476","1334"
"V442","2015-03-05","9.311","1456"
"V443","2015-03-06","9.265","1663"
"V444","2015-03-07","9.193","1889"
"V445","2015-03-08","9.02","1841"
"V446","2015-03-09","8.955","1409"
"V447","2015-03-10","9.063","1253"
"V448","2015-03-11","8.991","1256"
"V449","2015-03-12","9.233","1317"
"V450","2015-03-13","8.904","1887"
"V451","2015-03-14","8.903","2236"
"V452","2015-03-15","8.434","2275"
"V453","2015-03-16","8.155","1844"
"V454","2015-03-17","8.95","1410"
"V455","2015-03-18","9.109","1355"
"V456","2015-03-19","9.203","1386"
"V457","2015-03-20","9.168","1631"
"V458","2015-03-21","9.228","1845"
"V459","2015-03-22","9.281","1678"
"V460","2015-03-23","9.166","1664"
"V461","2015-03-24","9.303","1461"
"V462","2015-03-25","9.456","1455"
"V463","2015-03-26","9.481","1443"
"V464","2015-03-27","9.486","1627"
"V465","2015-03-28","9.541","1892"
"V466","2015-03-29","9.114","1901"
"V467","2015-03-30","9.153","1476"
"V468","2015-03-31","9.351","1444"
"V469","2015-04-01","9.352","2207"
"V470","2015-04-02","9.794","1830"
"V471","2015-04-03","10.162","1838"
"V472","2015-04-04","9.865","2130"
"V473","2015-04-05","9.907","1913"
"V474","2015-04-06","9.994","1775"
"V475","2015-04-07","10.362","1936"
"V476","2015-04-08","10.41","1725"
"V477","2015-04-09","10.269","1690"
"V478","2015-04-10","10.631","1593"
"V479","2015-04-11","10.284","2145"
"V480","2015-04-12","9.988","1834"
"V481","2015-04-13","9.918","1520"
"V482","2015-04-14","9.552","1423"
"V483","2015-04-15","9.546","1364"
"V484","2015-04-16","8.357","2811"
"V485","2015-04-17","8.613","2901"
"V486","2015-04-18","9.097","3128"
"V487","2015-04-19","9.146","2078"
"V488","2015-04-20","8.702","2326"
"V489","2015-04-21","8.851","2113"
"V490","2015-04-22","8.945","1782"
"V491","2015-04-23","8.829","1768"
"V492","2015-04-24","8.573","2188"
"V493","2015-04-25","8.405","2500"
"V494","2015-04-26","8.085","2162"
"V495","2015-04-27","7.714","1823"
"V496","2015-04-28","7.853","1702"
"V497","2015-04-29","7.897","1655"
"V498","2015-04-30","7.82","2023"
"V499","2015-05-01","7.891","1912"
"V500","2015-05-02","7.52","2320"
"V501","2015-05-03","7.209","2227"
"V502","2015-05-04","6.681","2144"
"V503","2015-05-05","6.778","1785"
"V504","2015-05-06","6.886","1736"
"V505","2015-05-07","6.723","1572"
"V506","2015-05-08","6.474","2129"
"V507","2015-05-09","6.489","2217"
"V508","2015-05-10","6.253","2167"
"V509","2015-05-11","6.11","1866"
"V510","2015-05-12","6.365","1693"
"V511","2015-05-13","6.411","1739"
"V512","2015-05-14","6.339","1668"
"V513","2015-05-15","6.338","1791"
"V514","2015-05-16","6.459","2092"
"V515","2015-05-17","6.185","2070"
"V516","2015-05-18","6.183","1583"
"V517","2015-05-19","6.364","1499"
"V518","2015-05-20","6.202","1436"
"V519","2015-05-21","6.235","1500"
"V520","2015-05-22","6.143","1800"
"V521","2015-05-23","6.21","1983"
"V522","2015-05-24","6.013","1796"
"V523","2015-05-25","5.933","1540"
"V524","2015-05-26","5.837","1643"
"V525","2015-05-27","3.951","3254"
"V526","2015-05-28","4.589","2433"
"V527","2015-05-29","4.938","2395"
"V528","2015-05-30","5.319","2203"
"V529","2015-05-31","5.28","2055"
"V530","2015-06-01","5.325","1925"
"V531","2015-06-02","5.442","1963"
"V532","2015-06-03","5.508","1915"
"V533","2015-06-04","5.584","1822"
"V534","2015-06-05","5.043","2133"
"V535","2015-06-06","5.187","1942"
"V536","2015-06-07","5.229","1924"
"V537","2015-06-08","5.155","1806"
"V538","2015-06-09","5.374","1650"
"V539","2015-06-10","5.239","1819"
"V540","2015-06-11","4.921","1802"
"V541","2015-06-12","4.303","2023"
"V542","2015-06-13","4.312","2196"
"V543","2015-06-14","4.116","2255"
"V544","2015-06-15","4.122","2089"
"V545","2015-06-16","4.242","1972"
"V546","2015-06-17","4.244","1958"
"V547","2015-06-18","4.332","1822"
"V548","2015-06-19","4.332","1953"
"V549","2015-06-20","4.393","1979"
"V550","2015-06-21","4.129","1992"
"V551","2015-06-22","4.28","1986"
"V552","2015-06-23","4.886","1558"
"V553","2015-06-24","5.146","1741"
"V554","2015-06-25","5.278","1674"
"V555","2015-06-26","5.337","1739"
"V556","2015-06-27","5.39","1665"
"V557","2015-06-28","4.976","1547"
"V558","2015-06-29","5.268","1900"
"V559","2015-06-30","5.412","1762"
"V560","2015-07-01","5.552","1645"
"V561","2015-07-02","5.644","1781"
"V562","2015-07-03","5.557","1586"
"V563","2015-07-04","5.596","1501"
"V564","2015-07-05","5.51","1488"
"V565","2015-07-06","5.449","1595"
"V566","2015-07-07","5.607","1744"
"V567","2015-07-08","5.523","1531"
"V568","2015-07-09","5.643","1646"
"V569","2015-07-10","5.751","1467"
"V570","2015-07-11","5.777","1575"
"V571","2015-07-12","5.746","1649"
"V572","2015-07-13","5.691","1637"
"V573","2015-07-14","5.72","1443"
"V574","2015-07-15","5.834","1558"
"V575","2015-07-16","5.749","1548"
"V576","2015-07-17","5.786","1481"
"V577","2015-07-18","5.845","1516"
"V578","2015-07-19","5.78","1477"
"V579","2015-07-20","5.805","1596"
"V580","2015-07-21","5.804","1490"
"V581","2015-07-22","5.942","1409"
"V582","2015-07-23","5.824","1642"
"V583","2015-07-24","5.846","1498"
"V584","2015-07-25","5.869","1409"
"V585","2015-07-26","5.861","1270"
"V586","2015-07-27","5.883","1535"
"V587","2015-07-28","5.802","1480"
"V588","2015-07-29","5.764","1429"
"V589","2015-07-30","5.727","1503"
"V590","2015-07-31","5.611","1537"
"V591","2015-08-01","5.547","1472"
"V592","2015-08-02","5.559","1510"
"V593","2015-08-03","5.554","1511"
"V594","2015-08-04","5.736","1388"
"V595","2015-08-05","5.847","1617"
"V596","2015-08-06","5.833","1446"
"V597","2015-08-07","5.726","1579"
"V598","2015-08-08","5.75","1385"
"V599","2015-08-09","5.795","1365"
"V600","2015-08-10","5.906","1521"
"V601","2015-08-11","5.935","1465"
"V602","2015-08-12","5.83","1508"
"V603","2015-08-13","5.851","1389"
"V604","2015-08-14","5.694","1394"
"V605","2015-08-15","4.687","2184"
"V606","2015-08-16","4.715","1556"
"V607","2015-08-17","4.818","1498"
"V608","2015-08-18","5.007","1513"
"V609","2015-08-19","5.125","1310"
"V610","2015-08-20","4.961","1472"
"V611","2015-08-21","4.782","1864"
"V612","2015-08-22","5.003","1880"
"V613","2015-08-23","4.596","2391"
"V614","2015-08-24","4.679","1904"
"V615","2015-08-25","5.506","1621"
"V616","2015-08-26","5.898","1489"
"V617","2015-08-27","6.091","1403"
"V618","2015-08-28","6.277","1558"
"V619","2015-08-29","6.301","1561"
"V620","2015-08-30","6.445","1621"
"V621","2015-08-31","6.576","1428"
"V622","2015-09-01","6.611","1549"
"V623","2015-09-02","6.811","1332"
"V624","2015-09-03","6.627","1250"
"V625","2015-09-04","6.67","1280"
"V626","2015-09-05","6.926","1816"
"V627","2015-09-06","6.706","1529"
"V628","2015-09-07","6.722","1247"
"V629","2015-09-08","6.748","1248"
"V630","2015-09-09","6.909","1003"
"V631","2015-09-10","7.098","1243"
"V632","2015-09-11","6.875","1519"
"V633","2015-09-12","6.77","1687"
"V634","2015-09-13","6.847","1593"
"V635","2015-09-14","6.891","1301"
"V636","2015-09-15","6.972","1228"
"V637","2015-09-16","6.972","1398"
"V638","2015-09-17","6.988","1322"
"V639","2015-09-18","7.229","2747"
"V640","2015-09-19","8.645","2771"
"V641","2015-09-20","9.104","2334"
"V642","2015-09-21","8.804","1757"
"V643","2015-09-22","8.894","1559"
"V644","2015-09-23","8.895","1489"
"V645","2015-09-24","8.668","1389"
"V646","2015-09-25","8.512","1558"
"V647","2015-09-26","8.401","1886"
"V648","2015-09-27","8.121","1700"
"V649","2015-09-28","7.902","1368"
"V650","2015-09-29","7.716","1263"
"V651","2015-09-30","7.412","1295"
"V652","2015-10-01","7.58","1326"
"V653","2015-10-02","7.724","1605"
"V654","2015-10-03","7.741","1759"
"V655","2015-10-04","7.501","1529"
"V656","2015-10-05","7.518","1274"
"V657","2015-10-06","7.728","1127"
"V658","2015-10-07","7.587","1179"
"V659","2015-10-08","7.708","1061"
"V660","2015-10-09","7.722","1331"
"V661","2015-10-10","7.882","1468"
"V662","2015-10-11","7.669","1408"
"V663","2015-10-12","7.663","1097"
"V664","2015-10-13","7.628","1004"
"V665","2015-10-14","7.404","1204"
"V666","2015-10-15","7.299","1145"
"V667","2015-10-16","7.156","1191"
"V668","2015-10-17","7.231","1578"
"V669","2015-10-18","7.107","1421"
"V670","2015-10-19","7.095","1023"
"V671","2015-10-20","7.365","992"
"V672","2015-10-21","6.53","1313"
"V673","2015-10-22","6.301","1068"
"V674","2015-10-23","6.327","1406"
"V675","2015-10-24","6.578","1620"
"V676","2015-10-25","6.603","1395"
"V677","2015-10-26","6.491","1149"
"V678","2015-10-27","6.609","1070"
"V679","2015-10-28","6.494","1236"
"V680","2015-10-29","6.44","1276"
"V681","2015-10-30","6.332","1574"
"V682","2015-10-31","6.279","1872"
"V683","2015-11-01","5.795","1980"
"V684","2015-11-02","5.691","1439"
"V685","2015-11-03","6.332","1232"
"V686","2015-11-04","6.69","1174"
"V687","2015-11-05","6.787","1134"
"V688","2015-11-06","7.018","1362"
"V689","2015-11-07","7.063","1608"
"V690","2015-11-08","7.051","1377"
"V691","2015-11-09","6.909","1077"
"V692","2015-11-10","6.905","959"
"V693","2015-11-11","7.08","992"
"V694","2015-11-12","6.824","1006"
"V695","2015-11-13","7.027","1196"
"V696","2015-11-14","7.012","1483"
"V697","2015-11-15","6.87","1270"
"V698","2015-11-16","6.74","951"
"V699","2015-11-17","6.87","977"
"V700","2015-11-18","6.784","1049"
"V701","2015-11-19","6.767","1072"
"V702","2015-11-20","6.885","1228"
"V703","2015-11-21","7.15","1356"
"V704","2015-11-22","6.9","1266"
"V705","2015-11-23","6.786","953"
"V706","2015-11-24","7.063","1082"
"V707","2015-11-25","6.711","1285"
"V708","2015-11-26","5.697","1428"
"V709","2015-11-27","5.371","1761"
"V710","2015-11-28","5.427","1744"
"V711","2015-11-29","5.234","1558"
"V712","2015-11-30","5.174","1343"
"V713","2015-12-01","5.452","1232"
"V714","2015-12-02","5.997","1097"
"V715","2015-12-03","6.628","1193"
"V716","2015-12-04","6.883","1396"
"V717","2015-12-05","7.08","1522"
"V718","2015-12-06","7.248","1504"
"V719","2015-12-07","7.583","1148"
"V720","2015-12-08","7.63","1159"
"V721","2015-12-09","7.565","1838"
"V722","2015-12-10","8.728","1578"
"V723","2015-12-11","8.919","1544"
"V724","2015-12-12","8.886","1753"
"V725","2015-12-13","8.388","1415"
"V726","2015-12-14","8.384","950"
"V727","2015-12-15","8.345","951"
"V728","2015-12-16","8.375","949"
"V729","2015-12-17","7.974","900"
"V730","2015-12-18","7.954","1050"
"V731","2015-12-19","7.71","1265"
"V732","2015-12-20","7.14","1238"
"V733","2015-12-21","7.016","1042"
"V734","2015-12-22","6.855","1196"
"V735","2015-12-23","5.449","1636"
"V736","2015-12-24","5.343","1394"
"V737","2015-12-25","5.854","1610"
"V738","2015-12-26","6.046","1623"
"V739","2015-12-27","6.031","1702"
"V740","2015-12-28","6.102","1644"
"V741","2015-12-29","6.08","1539"
"V742","2015-12-30","5.913","1538"
"V743","2015-12-31","5.857","1322"
"V744","2016-01-01","5.666","1463"
"V745","2016-01-02","5.512","1467"
"V746","2016-01-03","5.39","1413"
"V747","2016-01-04","5.421","1463"
"V748","2016-01-05","6.306","1242"
"V749","2016-01-06","6.591","1097"
"V750","2016-01-07","6.739","1070"
"V751","2016-01-08","6.73","1166"
"V752","2016-01-09","6.839","1492"
"V753","2016-01-10","7","1181"
"V754","2016-01-11","7.293","1002"
"V755","2016-01-12","7.17","950"
"V756","2016-01-13","7.279","934"
"V757","2016-01-14","6.924","1043"
"V758","2016-01-15","6.838","1156"
"V759","2016-01-16","6.945","1353"
"V760","2016-01-17","6.815","1224"
"V761","2016-01-18","6.639","1087"
"V762","2016-01-19","6.882","937"
"V763","2016-01-20","6.948","893"
"V764","2016-01-21","6.962","958"
"V765","2016-01-22","7.253","1205"
"V766","2016-01-23","7.168","1276"
"V767","2016-01-24","7.124","1166"
"V768","2016-01-25","7.182","993"
"V769","2016-01-26","7.282","945"
"V770","2016-01-27","7.387","1138"
"V771","2016-01-28","7.102","1075"
"V772","2016-01-29","6.906","1104"
"V773","2016-01-30","7.084","1325"
"V774","2016-01-31","7.094","1131"
"V775","2016-02-01","7.145","961"
"V776","2016-02-02","7.06","961"
"V777","2016-02-03","7.03","941"
"V778","2016-02-04","6.898","990"
"V779","2016-02-05","6.751","1112"
"V780","2016-02-06","5.826","1550"
"V781","2016-02-07","5.664","1346"
"V782","2016-02-08","5.511","1108"
"V783","2016-02-09","5.535","992"
"V784","2016-02-10","5.564","965"
"V785","2016-02-11","5.578","1041"
"V786","2016-02-12","5.789","1123"
"V787","2016-02-13","6.317","1280"
"V788","2016-02-14","6.737","1135"
"V789","2016-02-15","6.894","1032"
"V790","2016-02-16","6.796","923"
"V791","2016-02-17","6.879","888"
"V792","2016-02-18","5.61","1901"
"V793","2016-02-19","6.492","1681"
"V794","2016-02-20","6.883","1744"
"V795","2016-02-21","6.909","1487"
"V796","2016-02-22","6.846","1244"
"V797","2016-02-23","7.207","1447"
"V798","2016-02-24","7.076","1108"
"V799","2016-02-25","6.942","1111"
"V800","2016-02-26","6.702","1253"
"V801","2016-02-27","6.685","1549"
"V802","2016-02-28","6.651","1131"
"V803","2016-02-29","6.569","1100"
"V804","2016-03-01","6.295","1111"
"V805","2016-03-02","6.54","983"
"V806","2016-03-03","6.651","1171"
"V807","2016-03-04","6.584","1252"
"V808","2016-03-05","6.578","1410"
"V809","2016-03-06","6.559","1242"
"V810","2016-03-07","6.464","1064"
"V811","2016-03-08","6.341","1026"
"V812","2016-03-09","6.291","967"
"V813","2016-03-10","6.926","687"
"V814","2016-03-11","7.229","764"
"V815","2016-03-12","7.705","939"
"V816","2016-03-13","7.983","893"
"V817","2016-03-14","7.798","764"
"V818","2016-03-15","7.881","612"
"V819","2016-03-16","8.158","636"
"V820","2016-03-17","8.058","584"
"V821","2016-03-18","7.919","877"
"V822","2016-03-19","8.133","880"
"V823","2016-03-20","8.116","806"
"V824","2016-03-21","8.102","682"
"V825","2016-03-22","8.198","643"
"V826","2016-03-23","8.115","695"
"V827","2016-03-24","7.943","679"
"V828","2016-03-25","7.78","793"
"V829","2016-03-26","7.454","827"
"V830","2016-03-27","7.264","794"
"V831","2016-03-28","7.575","778"
"V832","2016-03-29","7.473","814"
"V833","2016-03-30","7.569","914"
"V834","2016-03-31","8.004","864"
"V835","2016-04-01","8.377","930"
"V836","2016-04-02","8.883","967"
"V837","2016-04-03","7.903","1268"
"V838","2016-04-04","8.046","895"
"V839","2016-04-05","8.614","780"
"V840","2016-04-06","8.763","752"
"V841","2016-04-07","8.961","661"
"V842","2016-04-08","9.243","832"
"V843","2016-04-09","9.454","819"
"V844","2016-04-10","9.438","826"
"V845","2016-04-11","9.129","701"
"V846","2016-04-12","8.953","678"
"V847","2016-04-13","8.859","620"
"V848","2016-04-14","8.815","640"
"V849","2016-04-15","8.895","742"
"V850","2016-04-16","9.067","857"
"V851","2016-04-17","8.78","741"
"V852","2016-04-18","8.747","668"
"V853","2016-04-19","8.879","543"
"V854","2016-04-20","9.053","614"
"V855","2016-04-21","9.217","544"
"V856","2016-04-22","9.21","678"
"V857","2016-04-23","9.222","756"
"V858","2016-04-24","9.071","769"
"V859","2016-04-25","8.863","646"
"V860","2016-04-26","9.07","579"
"V861","2016-04-27","8.877","567"
"V862","2016-04-28","9.109","832"
"V863","2016-04-29","9.758","979"
"V864","2016-04-30","10.671","1055"
"V865","2016-05-01","10.82","944"
"V866","2016-05-02","10.642","769"
"V867","2016-05-03","10.532","663"
"V868","2016-05-04","10.258","709"
"V869","2016-05-05","10.186","687"
"V870","2016-05-06","10.114","721"
"V871","2016-05-07","9.725","810"
"V872","2016-05-08","9.429","685"
"V873","2016-05-09","9.484","629"
"V874","2016-05-10","9.748","541"
"V875","2016-05-11","9.564","585"
"V876","2016-05-12","9.465","566"
"V877","2016-05-13","9.409","631"
"V878","2016-05-14","9.536","702"
"V879","2016-05-15","9.47","701"
"V880","2016-05-16","8.966","593"
"V881","2016-05-17","8.552","637"
"V882","2016-05-18","8.407","607"
"V883","2016-05-19","8.198","589"
"V884","2016-05-20","8.265","696"
"V885","2016-05-21","8.459","713"
"V886","2016-05-22","8.308","652"
"V887","2016-05-23","8.366","600"
"V888","2016-05-24","8.336","548"
"V889","2016-05-25","8.283","565"
"V890","2016-05-26","7.993","630"
"V891","2016-05-27","7.834","653"
"V892","2016-05-28","7.952","673"
"V893","2016-05-29","7.816","679"
"V894","2016-05-30","7.995","586"
"V895","2016-05-31","8.059","593"
"V896","2016-06-01","7.939","671"
"V897","2016-06-02","8.125","631"
"V898","2016-06-03","8.098","658"
"V899","2016-06-04","7.894","708"
"V900","2016-06-05","7.685","679"
"V901","2016-06-06","7.346","710"
"V902","2016-06-07","7.329","568"
"V903","2016-06-08","7.549","629"
"V904","2016-06-09","7.514","627"
"V905","2016-06-10","7.681","645"
"V906","2016-06-11","7.813","697"
"V907","2016-06-12","7.721","603"
"V908","2016-06-13","7.697","561"
"V909","2016-06-14","7.723","538"
"V910","2016-06-15","7.528","565"
"V911","2016-06-16","7.815","877"
"V912","2016-06-17","8.765","980"
"V913","2016-06-18","9.202","974"
"V914","2016-06-19","9.316","921"
"V915","2016-06-20","9.116","892"
"V916","2016-06-21","9.057","953"
"V917","2016-06-22","8.227","827"
"V918","2016-06-23","7.468","967"
"V919","2016-06-24","6.56","1106"
"V920","2016-06-25","6.351","1072"
"V921","2016-06-26","6.376","1008"
"V922","2016-06-27","6.735","1071"
"V923","2016-06-28","7.005","980"
"V924","2016-06-29","7.025","944"
"V925","2016-06-30","7.053","930"
"V926","2016-07-01","6.99","957"
"V927","2016-07-02","6.992","956"
"V928","2016-07-03","6.909","939"
"V929","2016-07-04","7.251","1054"
"V930","2016-07-05","8.436","832"
"V931","2016-07-06","8.638","905"
"V932","2016-07-07","8.762","800"
"V933","2016-07-08","8.985","813"
"V934","2016-07-09","9.077","811"
"V935","2016-07-10","8.329","969"
"V936","2016-07-11","8.41","773"
"V937","2016-07-12","8.856","631"
"V938","2016-07-13","9.289","618"
"V939","2016-07-14","8.589","709"
"V940","2016-07-15","8.736","661"
"V941","2016-07-16","8.97","623"
"V942","2016-07-17","8.865","552"
"V943","2016-07-18","8.892","628"
"V944","2016-07-19","8.967","594"
"V945","2016-07-20","8.729","602"
"V946","2016-07-21","8.593","542"
"V947","2016-07-22","8.566","563"
"V948","2016-07-23","8.491","548"
"V949","2016-07-24","8.417","548"
"V950","2016-07-25","8.294","597"
"V951","2016-07-26","8.519","611"
"V952","2016-07-27","8.641","616"
"V953","2016-07-28","8.828","534"
"V954","2016-07-29","8.698","639"
"V955","2016-07-30","8.707","598"
"V956","2016-07-31","8.735","567"
"V957","2016-08-01","8.703","559"
"V958","2016-08-02","8.679","650"
"V959","2016-08-03","8.698","561"
"V960","2016-08-04","8.441","526"
"V961","2016-08-05","8.269","528"
"V962","2016-08-06","8.097","589"
"V963","2016-08-07","7.901","558"
"V964","2016-08-08","7.77","638"
"V965","2016-08-09","7.896","580"
"V966","2016-08-10","7.557","576"
"V967","2016-08-11","7.625","614"
"V968","2016-08-12","7.892","580"
"V969","2016-08-13","8.066","519"
"V970","2016-08-14","7.846","576"
"V971","2016-08-15","7.994","563"
"V972","2016-08-16","8.086","576"
"V973","2016-08-17","8.142","599"
"V974","2016-08-18","8.191","576"
"V975","2016-08-19","8.366","839"
"V976","2016-08-20","8.774","861"
"V977","2016-08-21","8.857","710"
"V978","2016-08-22","8.706","671"
"V979","2016-08-23","8.671","592"
"V980","2016-08-24","8.456","572"
"V981","2016-08-25","8.415","566"
"V982","2016-08-26","8.629","600"
"V983","2016-08-27","8.615","590"
"V984","2016-08-28","8.781","631"
"V985","2016-08-29","8.994","608"
"V986","2016-08-30","8.842","691"
"V987","2016-08-31","8.991","655"
"V988","2016-09-01","9.071","567"
"V989","2016-09-02","9.081","583"
"V990","2016-09-03","8.909","675"
"V991","2016-09-04","8.824","619"
"V992","2016-09-05","8.82","545"
"V993","2016-09-06","8.913","461"
"V994","2016-09-07","8.66","542"
"V995","2016-09-08","8.92","517"
"V996","2016-09-09","8.879","619"
"V997","2016-09-10","8.896","695"
"V998","2016-09-11","8.894","637"
"V999","2016-09-12","8.87","523"
"V1000","2016-09-13","8.698","455"
"V1001","2016-09-14","8.811","447"
"V1002","2016-09-15","8.91","486"
"V1003","2016-09-16","8.835","598"
"V1004","2016-09-17","8.894","691"
"V1005","2016-09-18","8.92","645"
"V1006","2016-09-19","8.966","421"
"V1007","2016-09-20","8.959","432"
"V1008","2016-09-21","8.942","404"
"V1009","2016-09-22","8.899","454"
"V1010","2016-09-23","8.309","632"
"V1011","2016-09-24","8.372","653"
"V1012","2016-09-25","8.439","597"
"V1013","2016-09-26","8.639","454"
"V1014","2016-09-27","9.058","399"
"V1015","2016-09-28","8.974","442"
"V1016","2016-09-29","8.9","473"
"V1017","2016-09-30","8.987","528"
"V1018","2016-10-01","9.084","658"
"V1019","2016-10-02","9.055","590"
"V1020","2016-10-03","8.861","466"
"V1021","2016-10-04","8.999","395"
"V1022","2016-10-05","9.037","411"
"V1023","2016-10-06","8.938","424"
"V1024","2016-10-07","8.826","644"
"V1025","2016-10-08","8.866","716"
"V1026","2016-10-09","8.626","643"
"V1027","2016-10-10","8.69","486"
"V1028","2016-10-11","8.931","415"
"V1029","2016-10-12","8.885","417"
"V1030","2016-10-13","8.817","448"
"V1031","2016-10-14","8.793","456"
"V1032","2016-10-15","8.794","523"
"V1033","2016-10-16","8.606","574"
"V1034","2016-10-17","8.507","457"
"V1035","2016-10-18","8.445","339"
"V1036","2016-10-19","8.465","349"
"V1037","2016-10-20","8.479","393"
"V1038","2016-10-21","8.442","451"
"V1039","2016-10-22","8.546","545"
"V1040","2016-10-23","8.664","501"
"V1041","2016-10-24","8.577","405"
"V1042","2016-10-25","8.352","392"
"V1043","2016-10-26","8.37","375"
"V1044","2016-10-27","8.268","375"
"V1045","2016-10-28","7.806","466"
"V1046","2016-10-29","7.938","557"
"V1047","2016-10-30","7.611","500"
"V1048","2016-10-31","7.473","483"
"V1049","2016-11-01","7.676","416"
"V1050","2016-11-02","8.17","421"
"V1051","2016-11-03","8.653","289"
"V1052","2016-11-04","8.766","459"
"V1053","2016-11-05","9.044","495"
"V1054","2016-11-06","9.08","438"
"V1055","2016-11-07","8.959","412"
"V1056","2016-11-08","9.301","373"
"V1057","2016-11-09","9.218","321"
"V1058","2016-11-10","9.812","542"
"V1059","2016-11-11","9.423","405"
"V1060","2016-11-12","9.459","555"
"V1061","2016-11-13","9.398","475"
"V1062","2016-11-14","9.102","356"
"V1063","2016-11-15","9.175","372"
"V1064","2016-11-16","9.192","345"
"V1065","2016-11-17","9.067","340"
"V1066","2016-11-18","9.238","380"
"V1067","2016-11-19","9.401","463"
"V1068","2016-11-20","9.259","433"
"V1069","2016-11-21","9.883","347"
"V1070","2016-11-22","8.852","330"
"V1071","2016-11-23","8.551","432"
"V1072","2016-11-24","7.694","421"
"V1073","2016-11-25","7.626","501"
"V1074","2016-11-26","7.769","522"
"V1075","2016-11-27","7.819","528"
"V1076","2016-11-28","7.783","456"
"V1077","2016-11-29","8.363","585"
"V1078","2016-11-30","9.357","606"
"V1079","2016-12-01","9.925","590"
"V1080","2016-12-02","10.006","648"
"V1081","2016-12-03","10","582"
"V1082","2016-12-04","9.868","546"
"V1083","2016-12-05","9.878","389"
"V1084","2016-12-06","9.672","467"
"V1085","2016-12-07","9.589","435"
"V1086","2016-12-08","9.609","417"
"V1087","2016-12-09","9.81","445"
"V1088","2016-12-10","9.874","567"
"V1089","2016-12-11","9.771","442"
"V1090","2016-12-12","9.859","382"
"V1091","2016-12-13","9.441","395"
"V1092","2016-12-14","9.286","368"
"V1093","2016-12-15","8.631","420"
"V1094","2016-12-16","8.544","464"
"V1095","2016-12-17","8.503","529"
"V1096","2016-12-18","8.673","471"
"V1097","2016-12-19","8.44","428"
"V1098","2016-12-20","8.127","434"
"V1099","2016-12-21","8.385","404"
"V1100","2016-12-22","8.608","498"
"V1101","2016-12-23","7.867","491"
"V1102","2016-12-24","8.383","645"
"V1103","2016-12-25","8.768","754"
"V1104","2016-12-26","8.793","770"
"V1105","2016-12-27","8.556","666"
"V1106","2016-12-28","8.86","651"
"V1107","2016-12-29","9.102","551"
"V1108","2016-12-30","8.847","661"
"V1109","2016-12-31","8.788","535"
"V1110","2017-01-01","8.849","564"
"V1111","2017-01-02","9.082","592"
"V1112","2017-01-03","9.355","538"
"V1113","2017-01-04","9.235","566"
"V1114","2017-01-05","9.316","560"
"V1115","2017-01-06","9.7","484"
"V1116","2017-01-07","9.825","565"
"V1117","2017-01-08","10.029","602"
"V1118","2017-01-09","10.152","492"
"V1119","2017-01-10","10.139","518"
"V1120","2017-01-11","9.899","493"
"V1121","2017-01-12","9.822","438"
"V1122","2017-01-13","9.812","621"
"V1123","2017-01-14","10.278","572"
"V1124","2017-01-15","10.546","470"
"V1125","2017-01-16","10.518","425"
"V1126","2017-01-17","10.699","388"
"V1127","2017-01-18","10.595","421"
"V1128","2017-01-19","10.421","421"
"V1129","2017-01-20","10.14","440"
"V1130","2017-01-21","10.419","471"
"V1131","2017-01-22","10.606","516"
"V1132","2017-01-23","11.287","518"
"V1133","2017-01-24","11.262","491"
"V1134","2017-01-25","11.342","516"
"V1135","2017-01-26","12.017","501"
"V1136","2017-01-27","11.953","533"
"V1137","2017-01-28","12.319","619"
"V1138","2017-01-29","12.019","716"
"V1139","2017-01-30","12.204","522"
"V1140","2017-01-31","12.265","471"
"V1141","2017-02-01","11.768","502"
"V1142","2017-02-02","11.87","418"
"V1143","2017-02-03","11.943","474"
"V1144","2017-02-04","12.225","583"
"V1145","2017-02-05","12.395","461"
"V1146","2017-02-06","12.099","390"
"V1147","2017-02-07","12.21","408"
"V1148","2017-02-08","12.217","370"
"V1149","2017-02-09","12.067","405"
"V1150","2017-02-10","12.32","533"
"V1151","2017-02-11","13.092","526"
"V1152","2017-02-12","12.667","508"
"V1153","2017-02-13","12.596","391"
"V1154","2017-02-14","12.721","342"
"V1155","2017-02-15","12.032","437"
"V1156","2017-02-16","12.38","391"
"V1157","2017-02-17","12.311","421"
"V1158","2017-02-18","12.185","522"
"V1159","2017-02-19","11.833","516"
"V1160","2017-02-20","11.671","478"
"V1161","2017-02-21","11.811","388"
"V1162","2017-02-22","12.206","410"
"V1163","2017-02-23","12.068","427"
"V1164","2017-02-24","11.979","456"
"V1165","2017-02-25","12.739","519"
"V1166","2017-02-26","12.553","456"
"V1167","2017-02-27","12.176","391"
"V1168","2017-02-28","12.429","413"
"V1169","2017-03-01","12.435","392"
"V1170","2017-03-02","12.669","384"
"V1171","2017-03-03","12.66","400"
"V1172","2017-03-04","12.657","496"
"V1173","2017-03-05","12.688","449"
"V1174","2017-03-06","12.699","327"
"V1175","2017-03-07","12.781","357"
"V1176","2017-03-08","12.653","322"
"V1177","2017-03-09","12.648","332"
"V1178","2017-03-10","12.618","422"
"V1179","2017-03-11","13.15","446"
"V1180","2017-03-12","13.357","353"
"V1181","2017-03-13","13.243","332"
"V1182","2017-03-14","13.224","323"
"V1183","2017-03-15","13.734","298"
"V1184","2017-03-16","13.774","513"
"V1185","2017-03-17","14.83","704"
"V1186","2017-03-18","15.225","647"
"V1187","2017-03-19","14.823","496"
"V1188","2017-03-20","14.73","493"
"V1189","2017-03-21","15.035","405"
"V1190","2017-03-22","15.085","412"
"V1191","2017-03-23","14.568","363"
"V1192","2017-03-24","14.221","436"
"V1193","2017-03-25","13.947","456"
"V1194","2017-03-26","13.261","450"
"V1195","2017-03-27","12.734","414"
"V1196","2017-03-28","12.909","341"
"V1197","2017-03-29","13.035","351"
"V1198","2017-03-30","12.838","335"
"V1199","2017-03-31","13.038","389"
"V1200","2017-04-01","13.177","462"
"V1201","2017-04-02","13.11","401"
"V1202","2017-04-03","13.057","357"
"V1203","2017-04-04","13.365","284"
"V1204","2017-04-05","13.556","295"
"V1205","2017-04-06","13.113","342"
"V1206","2017-04-07","13.351","314"
"V1207","2017-04-08","13.328","384"
"V1208","2017-04-09","13.304","383"
"V1209","2017-04-10","12.974","345"
"V1210","2017-04-11","12.96","348"
"V1211","2017-04-12","12.962","304"
"V1212","2017-04-13","13.136","344"
"V1213","2017-04-14","13.267","349"
"V1214","2017-04-15","13.471","363"
"V1215","2017-04-16","13.519","407"
"V1216","2017-04-17","13.587","368"
"V1217","2017-04-18","13.76","368"
"V1218","2017-04-19","13.452","353"
"V1219","2017-04-20","13.321","332"
"V1220","2017-04-21","13.211","367"
"V1221","2017-04-22","13.324","438"
"V1222","2017-04-23","13.304","364"
"V1223","2017-04-24","13.356","318"
"V1224","2017-04-25","13.299","301"
"V1225","2017-04-26","13.511","237"
"V1226","2017-04-27","13.481","305"
"V1227","2017-04-28","13.496","325"
"V1228","2017-04-29","13.57","398"
"V1229","2017-04-30","13.558","415"
"V1230","2017-05-01","14.835","311"
"V1231","2017-05-02","13.456","311"
"V1232","2017-05-03","13.473","304"
"V1233","2017-05-04","13.846","293"
"V1234","2017-05-05","13.441","373"
"V1235","2017-05-06","13.515","355"
"V1236","2017-05-07","13.349","351"
"V1237","2017-05-08","13.349","271"
"V1238","2017-05-09","13.481","254"
"V1239","2017-05-10","13.519","269"
"V1240","2017-05-11","13.637","259"
"V1241","2017-05-12","13.647","346"
"V1242","2017-05-13","13.684","363"
"V1243","2017-05-14","13.532","311"
"V1244","2017-05-15","13.816","264"
"V1245","2017-05-16","14.162","248"
"V1246","2017-05-17","14.487","205"
"V1247","2017-05-18","14.018","255"
"V1248","2017-05-19","14.15","295"
"V1249","2017-05-20","14.047","283"
"V1250","2017-05-21","13.831","317"
"V1251","2017-05-22","14.391","235"
"V1252","2017-05-23","14.069","287"
"V1253","2017-05-24","11.789","807"
"V1254","2017-05-25","12.894","484"
"V1255","2017-05-26","13.476","407"
"V1256","2017-05-27","13.644","442"
"V1257","2017-05-28","13.765","356"
"V1258","2017-05-29","13.714","327"
"V1259","2017-05-30","13.224","324"
"V1260","2017-05-31","13.108","387"
"V1261","2017-06-01","13.668","352"
"V1262","2017-06-02","13.999","320"
"V1263","2017-06-03","14.358","347"
"V1264","2017-06-04","14.277","350"
"V1265","2017-06-05","14.296","308"
"V1266","2017-06-06","13.979","297"
"V1267","2017-06-07","13.693","304"
"V1268","2017-06-08","13.773","252"
"V1269","2017-06-09","13.836","305"
"V1270","2017-06-10","13.669","280"
"V1271","2017-06-11","13.564","266"
"V1272","2017-06-12","13.148","277"
"V1273","2017-06-13","13.215","246"
"V1274","2017-06-14","13.158","224"
"V1275","2017-06-15","12.659","252"
"V1276","2017-06-16","12.856","296"
"V1277","2017-06-17","12.871","265"
"V1278","2017-06-18","12.653","255"
"V1279","2017-06-19","12.695","267"
"V1280","2017-06-20","12.663","267"
"V1281","2017-06-21","12.685","257"
"V1282","2017-06-22","11.854","315"
"V1283","2017-06-23","10.699","476"
"V1284","2017-06-24","10.917","358"
"V1285","2017-06-25","10.867","360"
"V1286","2017-06-26","10.799","333"
"V1287","2017-06-27","10.977","342"
"V1288","2017-06-28","11.181","316"
"V1289","2017-06-29","11.259","329"
"V1290","2017-06-30","11.53","337"
"V1291","2017-07-01","11.894","310"
"V1292","2017-07-02","11.227","318"
"V1293","2017-07-03","11.637","331"
"V1294","2017-07-04","11.627","314"
"V1295","2017-07-05","11.986","310"
"V1296","2017-07-06","12.316","303"
"V1297","2017-07-07","12.279","352"
"V1298","2017-07-08","12.273","411"
"V1299","2017-07-09","12.426","286"
"V1300","2017-07-10","12.455","325"
"V1301","2017-07-11","12.396","306"
"V1302","2017-07-12","12.907","273"
"V1303","2017-07-13","12.892","267"
"V1304","2017-07-14","12.871","278"
"V1305","2017-07-15","13.089","298"
"V1306","2017-07-16","12.923","325"
"V1307","2017-07-17","13.506","278"
"V1308","2017-07-18","13.726","336"
"V1309","2017-07-19","13.92","301"
"V1310","2017-07-20","14.154","318"
"V1311","2017-07-21","14.29","304"
"V1312","2017-07-22","14.335","317"
"V1313","2017-07-23","16.554","356"
"V1314","2017-07-24","13.667","349"
"V1315","2017-07-25","14.617","306"
"V1316","2017-07-26","14.689","249"
"V1317","2017-07-27","14.545","261"
"V1318","2017-07-28","14.989","263"
"V1319","2017-07-29","14.974","234"
"V1320","2017-07-30","14.475","257"
"V1321","2017-07-31","14.67","297"
"V1322","2017-08-01","14.705","268"
"V1323","2017-08-02","15.171","241"
"V1324","2017-08-03","15.257","274"
"V1325","2017-08-04","15.374","296"
"V1326","2017-08-05","15.186","271"
"V1327","2017-08-06","14.932","324"
"V1328","2017-08-07","15.065","326"
"V1329","2017-08-08","14.993","287"
"V1330","2017-08-09","15.192","301"
"V1331","2017-08-10","15.005","247"
"V1332","2017-08-11","15.111","280"
"V1333","2017-08-12","14.857","275"
"V1334","2017-08-13","14.896","261"
"V1335","2017-08-14","14.724","273"
"V1336","2017-08-15","14.74","268"
"V1337","2017-08-16","14.826","271"
"V1338","2017-08-17","14.226","237"
"V1339","2017-08-18","14.459","264"
"V1340","2017-08-19","14.245","256"
"V1341","2017-08-20","14.067","273"
"V1342","2017-08-21","14.299","268"
"V1343","2017-08-22","14.22","220"
"V1344","2017-08-23","14.214","205"
"V1345","2017-08-24","14.127","214"
"V1346","2017-08-25","14.358","204"
"V1347","2017-08-26","14.307","235"
"V1348","2017-08-27","13.992","252"
"V1349","2017-08-28","14.148","223"
"V1350","2017-08-29","14.329","221"
"V1351","2017-08-30","14.147","223"
"V1352","2017-08-31","14.342","248"
"V1353","2017-09-01","13.948","272"
"V1354","2017-09-02","14.445","306"
"V1355","2017-09-03","14.563","260"
"V1356","2017-09-04","15.648","279"
"V1357","2017-09-05","14.514","223"
"V1358","2017-09-06","14.771","208"
"V1359","2017-09-07","14.7","203"
"V1360","2017-09-08","15.059","240"
"V1361","2017-09-09","15.009","250"
"V1362","2017-09-10","21.673","229"
"V1363","2017-09-11","14.609","204"
"V1364","2017-09-12","14.667","183"
"V1365","2017-09-13","14.202","220"
"V1366","2017-09-14","14.037","250"
"V1367","2017-09-15","15.139","401"
"V1368","2017-09-16","15.395","393"
"V1369","2017-09-17","14.726","285"
"V1370","2017-09-18","14.626","235"
"V1371","2017-09-19","14.651","199"
"V1372","2017-09-20","15.247","193"
"V1373","2017-09-21","14.964","189"
"V1374","2017-09-22","14.228","247"
"V1375","2017-09-23","14.095","314"
"V1376","2017-09-24","14.077","275"
"V1377","2017-09-25","14.051","207"
"V1378","2017-09-26","14.123","179"
"V1379","2017-09-27","13.563","184"
"V1380","2017-09-28","13.392","188"
"V1381","2017-09-29","14.125","216"
"V1382","2017-09-30","13.347","238"
"V1383","2017-10-01","13.057","241"
"V1384","2017-10-02","15.172","184"
"V1385","2017-10-03","12.891","200"
"V1386","2017-10-04","13.065","196"
"V1387","2017-10-05","12.659","195"
"V1388","2017-10-06","12.84","205"
"V1389","2017-10-07","12.957","266"
"V1390","2017-10-08","12.852","278"
"V1391","2017-10-09","12.607","219"
"V1392","2017-10-10","12.82","185"
"V1393","2017-10-11","12.666","196"
"V1394","2017-10-12","12.888","175"
"V1395","2017-10-13","12.765","223"
"V1396","2017-10-14","12.994","288"
"V1397","2017-10-15","13.241","278"
"V1398","2017-10-16","13.162","211"
"V1399","2017-10-17","13.024","193"
"V1400","2017-10-18","12.919","182"
"V1401","2017-10-19","12.894","185"
"V1402","2017-10-20","12.857","238"
"V1403","2017-10-21","13.213","264"
"V1404","2017-10-22","12.932","253"
"V1405","2017-10-23","12.935","228"
"V1406","2017-10-24","12.506","181"
"V1407","2017-10-25","12.593","213"
"V1408","2017-10-26","11.956","194"
"V1409","2017-10-27","11.806","233"
"V1410","2017-10-28","11.91","231"
"V1411","2017-10-29","11.654","247"
"V1412","2017-10-30","11.809","217"
"V1413","2017-10-31","11.907","224"
"V1414","2017-11-01","11.468","209"
"V1415","2017-11-02","12.095","206"
"V1416","2017-11-03","12.146","190"
"V1417","2017-11-04","12.115","198"
"V1418","2017-11-05","11.934","176"
"V1419","2017-11-06","11.288","187"
"V1420","2017-11-07","11.864","200"
"V1421","2017-11-08","11.629","162"
"V1422","2017-11-09","11.519","170"
"V1423","2017-11-10","11.313","212"
"V1424","2017-11-11","11.281","263"
"V1425","2017-11-12","11.62","215"
"V1426","2017-11-13","11.58","157"
"V1427","2017-11-14","11.102","196"
"V1428","2017-11-15","11.075","233"
"V1429","2017-11-16","11.38","155"
"V1430","2017-11-17","11.338","172"
"V1431","2017-11-18","11.297","259"
"V1432","2017-11-19","11.35","203"
"V1433","2017-11-20","11.082","177"
"V1434","2017-11-21","11.127","170"
"V1435","2017-11-22","11.019","161"
"V1436","2017-11-23","9.761","299"
"V1437","2017-11-24","9.945","271"
"V1438","2017-11-25","9.965","300"
"V1439","2017-11-26","10.109","299"
"V1440","2017-11-27","10.046","252"
"V1441","2017-11-28","10.375","223"
"V1442","2017-11-29","10.674","195"
"V1443","2017-11-30","10.573","194"
"V1444","2017-12-01","10.928","235"
"V1445","2017-12-02","11.451","251"
"V1446","2017-12-03","11.448","241"
"V1447","2017-12-04","11.545","174"
"V1448","2017-12-05","11.609","186"
"V1449","2017-12-06","11.783","207"
"V1450","2017-12-07","12.355","174"
"V1451","2017-12-08","11.888","241"
"V1452","2017-12-09","12.282","269"
"V1453","2017-12-10","12.285","215"
"V1454","2017-12-11","11.933","228"
"V1455","2017-12-12","12.228","179"
"V1456","2017-12-13","12.068","178"
"V1457","2017-12-14","12.346","170"
"V1458","2017-12-15","12.528","211"
"V1459","2017-12-16","13.486","210"
"V1460","2017-12-17","12.506","194"
"V1461","2017-12-18","12.68","151"
"V1462","2017-12-19","12.693","178"
"V1463","2017-12-20","12.382","197"
"V1464","2017-12-21","12.034","244"
"V1465","2017-12-22","11.677","275"
"V1466","2017-12-23","11.781","277"
"V1467","2017-12-24","12.048","270"
"V1468","2017-12-25","12.949","392"
"V1469","2017-12-26","13.467","323"
"V1470","2017-12-27","13.856","349"
"V1471","2017-12-28","13.843","314"
"V1472","2017-12-29","14.054","293"
"V1473","2017-12-30","13.675","335"
"V1474","2017-12-31","13.419","289"
"V1475","2018-01-01","13.386","311"
"V1476","2018-01-02","13.272","303"
"V1477","2018-01-03","13.355","317"
"V1478","2018-01-04","13.423","286"
"V1479","2018-01-05","13.881","295"
"V1480","2018-01-06","14.244","282"
"V1481","2018-01-07","14.388","263"
"V1482","2018-01-08","14.66","212"
"V1483","2018-01-09","14.832","230"
"V1484","2018-01-10","14.829","210"
"V1485","2018-01-11","14.818","268"
"V1486","2018-01-12","15.091","336"
"V1487","2018-01-13","15.749","373"
"V1488","2018-01-14","15.918","353"
"V1489","2018-01-15","15.701","295"
"V1490","2018-01-16","16.1","301"
"V1491","2018-01-17","15.81","282"
"V1492","2018-01-18","15.52","262"
"V1493","2018-01-19","15.987","273"
"V1494","2018-01-20","16.546","277"
"V1495","2018-01-21","16.331","258"
"V1496","2018-01-22","16.242","299"
"V1497","2018-01-23","16.119","242"
"V1498","2018-01-24","16.241","241"
"V1499","2018-01-25","16.157","278"
"V1500","2018-01-26","16.199","288"
"V1501","2018-01-27","15.764","344"
"V1502","2018-01-28","15.781","332"
"V1503","2018-01-29","16.113","274"
"V1504","2018-01-30","15.786","204"
"V1505","2018-01-31","16.038","181"
"V1506","2018-02-01","16.146","191"
"V1507","2018-02-02","16.218","214"
"V1508","2018-02-03","16.605","243"
"V1509","2018-02-04","16.04","262"
"V1510","2018-02-05","16.313","199"
"V1511","2018-02-06","16.108","194"
"V1512","2018-02-07","15.989","189"
"V1513","2018-02-08","15.802","162"
"V1514","2018-02-09","16.115","236"
"V1515","2018-02-10","15.887","245"
"V1516","2018-02-11","15.827","251"
"V1517","2018-02-12","15.731","221"
"V1518","2018-02-13","18.251","162"
"V1519","2018-02-14","15.868","167"
"V1520","2018-02-15","16.004","202"
"V1521","2018-02-16","16.146","408"
"V1522","2018-02-17","17.022","429"
"V1523","2018-02-18","16.53","341"
"V1524","2018-02-19","16.629","259"
"V1525","2018-02-20","16.708","238"
"V1526","2018-02-21","16.657","239"
"V1527","2018-02-22","16.789","216"
"V1528","2018-02-23","16.525","264"
"V1529","2018-02-24","16.632","270"
"V1530","2018-02-25","16.541","234"
"V1531","2018-02-26","16.625","209"
"V1532","2018-02-27","16.483","175"
"V1533","2018-02-28","16.423","182"
"V1534","2018-03-01","16.129","176"
"V1535","2018-03-02","15.976","246"
"V1536","2018-03-03","16.208","221"
"V1537","2018-03-04","16.123","216"
"V1538","2018-03-05","16.26","196"
"V1539","2018-03-06","16.728","166"
"V1540","2018-03-07","16.318","203"
"V1541","2018-03-08","16.415","184"
"V1542","2018-03-09","16.342","187"
"V1543","2018-03-10","16.28","229"
"V1544","2018-03-11","16.065","228"
"V1545","2018-03-12","17.514","156"
"V1546","2018-03-13","15.89","180"
"V1547","2018-03-14","15.401","171"
"V1548","2018-03-15","15.659","163"
"V1549","2018-03-16","15.586","171"
"V1550","2018-03-17","15.761","208"
"V1551","2018-03-18","15.341","201"
"V1552","2018-03-19","15.299","171"
"V1553","2018-03-20","15.181","152"
"V1554","2018-03-21","15.277","164"
"V1555","2018-03-22","14.971","158"
"V1556","2018-03-23","15.186","184"
"V1557","2018-03-24","14.923","204"
"V1558","2018-03-25","14.341","190"
"V1559","2018-03-26","14.184","159"
"V1560","2018-03-27","14.636","222"
"V1561","2018-03-28","13.951","220"
"V1562","2018-03-29","14.151","184"
"V1563","2018-03-30","13.187","349"
"V1564","2018-03-31","13.472","257"
"V1565","2018-04-01","13.709","243"
"V1566","2018-04-02","14.33","219"
"V1567","2018-04-03","14.484","234"
"V1568","2018-04-04","14.414","210"
"V1569","2018-04-05","14.456","208"
"V1570","2018-04-06","14.348","205"
"V1571","2018-04-07","14.797","203"
"V1572","2018-04-08","14.4","196"
"V1573","2018-04-09","15.616","184"
"V1574","2018-04-10","14.355","185"
"V1575","2018-04-11","14.357","188"
"V1576","2018-04-12","14.112","152"
"V1577","2018-04-13","14.408","177"
"V1578","2018-04-14","14.566","196"
"V1579","2018-04-15","14.425","177"
"V1580","2018-04-16","14.505","175"
"V1581","2018-04-17","14.005","150"
"V1582","2018-04-18","14.524","140"
"V1583","2018-04-19","14.493","159"
"V1584","2018-04-20","14.298","175"
"V1585","2018-04-21","14.215","189"
"V1586","2018-04-22","14.192","210"
"V1587","2018-04-23","14.407","131"
"V1588","2018-04-24","14.461","148"
"V1589","2018-04-25","14.425","148"
"V1590","2018-04-26","14.135","160"
"V1591","2018-04-27","14.255","185"
"V1592","2018-04-28","14.406","195"
"V1593","2018-04-29","14.417","177"
"V1594","2018-04-30","14.631","187"
"V1595","2018-05-01","14.421","175"
"V1596","2018-05-02","17.201","162"
"V1597","2018-05-03","14.524","162"
"V1598","2018-05-04","14.975","150"
"V1599","2018-05-05","14.931","193"
"V1600","2018-05-06","14.991","169"
"V1601","2018-05-07","14.744","138"
"V1602","2018-05-08","14.684","172"
"V1603","2018-05-09","13.829","187"
"V1604","2018-05-10","14.15","167"
"V1605","2018-05-11","13.916","176"
"V1606","2018-05-12","14.495","204"
"V1607","2018-05-13","14.87","160"
"V1608","2018-05-14","14.408","158"
"V1609","2018-05-15","14.392","135"
"V1610","2018-05-16","14.274","138"
"V1611","2018-05-17","14.839","135"
"V1612","2018-05-18","13.816","169"
"V1613","2018-05-19","13.588","186"
"V1614","2018-05-20","13.956","190"
"V1615","2018-05-21","14.016","138"
"V1616","2018-05-22","16.071","134"
"V1617","2018-05-23","13.888","142"
"V1618","2018-05-24","13.668","151"
"V1619","2018-05-25","13.901","192"
"V1620","2018-05-26","13.706","166"
"V1621","2018-05-27","25.484","160"
"V1622","2018-05-28","13.583","154"
"V1623","2018-05-29","13.712","167"
"V1624","2018-05-30","15.86","142"
"V1625","2018-05-31","13.75","173"
"V1626","2018-06-01","13.699","181"
"V1627","2018-06-02","14.258","157"
"V1628","2018-06-03","14.018","163"
"V1629","2018-06-04","15.113","140"
"V1630","2018-06-05","13.76","130"
"V1631","2018-06-06","13.834","144"
"V1632","2018-06-07","13.808","120"
"V1633","2018-06-08","13.762","145"
"V1634","2018-06-09","13.42","158"
"V1635","2018-06-10","12.92","144"
"V1636","2018-06-11","13.072","165"
"V1637","2018-06-12","13.278","143"
"V1638","2018-06-13","13.09","223"
"V1639","2018-06-14","11.818","251"
"V1640","2018-06-15","12.394","170"
"V1641","2018-06-16","12.489","162"
"V1642","2018-06-17","12.361","173"
"V1643","2018-06-18","12.785","169"
"V1644","2018-06-19","12.765","163"
"V1645","2018-06-20","12.466","175"
"V1646","2018-06-21","12.379","202"
"V1647","2018-06-22","11.074","291"
"V1648","2018-06-23","11.039","242"
"V1649","2018-06-24","10.694","243"
"V1650","2018-06-25","10.808","200"
"V1651","2018-06-26","11.054","197"
"V1652","2018-06-27","11.666","168"
"V1653","2018-06-28","11.201","167"
"V1654","2018-06-29","12.009","171"
"V1655","2018-06-30","11.557","160"
"V1656","2018-07-01","11.476","187"
"V1657","2018-07-02","11.278","195"
"V1658","2018-07-03","11.517","188"
"V1659","2018-07-04","11.504","226"
"V1660","2018-07-05","11.812","217"
"V1661","2018-07-06","13.036","171"
"V1662","2018-07-07","13.413","133"
"V1663","2018-07-08","13.712","177"
"V1664","2018-07-09","13.783","172"
"V1665","2018-07-10","13.829","167"
"V1666","2018-07-11","13.962","152"
"V1667","2018-07-12","16.397","179"
"V1668","2018-07-13","14.159","162"
"V1669","2018-07-14","14.212","173"
"V1670","2018-07-15","14.535","161"
"V1671","2018-07-16","14.473","161"
"V1672","2018-07-17","14.688","165"
"V1673","2018-07-18","14.53","155"
"V1674","2018-07-19","13.965","163"
"V1675","2018-07-20","14.253","149"
"V1676","2018-07-21","14.322","158"
"V1677","2018-07-22","14.689","173"
"V1678","2018-07-23","14.637","166"
"V1679","2018-07-24","14.866","140"
"V1680","2018-07-25","14.718","135"
"V1681","2018-07-26","16.089","137"
"V1682","2018-07-27","14.79","159"
"V1683","2018-07-28","14.519","152"
"V1684","2018-07-29","14.766","144"
"V1685","2018-07-30","15.38","188"
"V1686","2018-07-31","15.394","144"
"V1687","2018-08-01","16.203","143"
"V1688","2018-08-02","15.512","168"
"V1689","2018-08-03","15.795","248"
"V1690","2018-08-04","17.154","302"
"V1691","2018-08-05","18.128","232"
"V1692","2018-08-06","17.942","216"
"V1693","2018-08-07","17.472","203"
"V1694","2018-08-08","17.559","208"
"V1695","2018-08-09","17.162","200"
"V1696","2018-08-10","17.003","179"
"V1697","2018-08-11","16.677","179"
"V1698","2018-08-12","16.794","171"
"V1699","2018-08-13","16.424","188"
"V1700","2018-08-14","15.842","206"
"V1701","2018-08-15","16.049","172"
"V1702","2018-08-16","15.873","166"
"V1703","2018-08-17","15.978","177"
"V1704","2018-08-18","16.346","153"
"V1705","2018-08-19","15.95","211"
"V1706","2018-08-20","16.109","170"
"V1707","2018-08-21","16.516","160"
"V1708","2018-08-22","16.709","149"
"V1709","2018-08-23","16.388","155"
"V1710","2018-08-24","16.841","153"
"V1711","2018-08-25","17.316","195"
"V1712","2018-08-26","17.099","174"
"V1713","2018-08-27","17.255","160"
"V1714","2018-08-28","16.913","159"
"V1715","2018-08-29","17.17","155"
"V1716","2018-08-30","16.187","238"
"V1717","2018-08-31","16.008","185"
"V1718","2018-09-01","16.704","190"
"V1719","2018-09-02","16.377","200"
"V1720","2018-09-03","17.122","163"
"V1721","2018-09-04","16.398","159"
"V1722","2018-09-05","16.897","159"
"V1723","2018-09-06","17.517","182"
"V1724","2018-09-07","17.352","227"
"V1725","2018-09-08","18.114","225"
"V1726","2018-09-09","18.382","189"
"V1727","2018-09-10","18.015","167"
"V1728","2018-09-11","17.489","190"
"V1729","2018-09-12","17.903","188"
"V1730","2018-09-13","18.555","157"
"V1731","2018-09-14","18.942","193"
"V1732","2018-09-15","18.743","222"
"V1733","2018-09-16","19.513","185"
"V1734","2018-09-17","18.993","169"
"V1735","2018-09-18","18.668","142"
"V1736","2018-09-19","19.096","145"
"V1737","2018-09-20","18.626","166"
"V1738","2018-09-21","18.991","169"
"V1739","2018-09-22","19.072","261"
"V1740","2018-09-23","19.043","256"
"V1741","2018-09-24","19.535","167"
"V1742","2018-09-25","20.697","146"
"V1743","2018-09-26","19.249","163"
"V1744","2018-09-27","19.84","121"
"V1745","2018-09-28","19.733","152"
"V1746","2018-09-29","19.55","169"
"V1747","2018-09-30","19.699","208"
"V1748","2018-10-01","19.849","146"
"V1749","2018-10-02","19.77","166"
"V1750","2018-10-03","19.251","142"
"V1751","2018-10-04","19.548","132"
"V1752","2018-10-05","20.61","153"
"V1753","2018-10-06","19.928","173"
"V1754","2018-10-07","20.293","166"
"V1755","2018-10-08","20.143","147"
"V1756","2018-10-09","21.742","136"
"V1757","2018-10-10","20.21","144"
"V1758","2018-10-11","21.853","108"
"V1759","2018-10-12","20.191","138"
"V1760","2018-10-13","20.316","172"
"V1761","2018-10-14","20.614","141"
"V1762","2018-10-15","20.575","139"
"V1763","2018-10-16","20.404","118"
"V1764","2018-10-17","20.058","146"
"V1765","2018-10-18","19.221","158"
"V1766","2018-10-19","19.707","163"
"V1767","2018-10-20","20.006","174"
"V1768","2018-10-21","19.701","150"
"V1769","2018-10-22","19.584","123"
"V1770","2018-10-23","19.444","134"
"V1771","2018-10-24","19.131","114"
"V1772","2018-10-25","18.72","111"
"V1773","2018-10-26","18.244","172"
"V1774","2018-10-27","18.37","153"
"V1775","2018-10-28","18.249","161"
"V1776","2018-10-29","18.212","136"
"V1777","2018-10-30","17.507","170"
"V1778","2018-10-31","17.319","173"
"V1779","2018-11-01","17.101","141"
"V1780","2018-11-02","17.746","166"
"V1781","2018-11-03","19.095","161"
"V1782","2018-11-04","18.622","165"
"V1783","2018-11-05","19.692","146"
"V1784","2018-11-06","19.628","132"
"V1785","2018-11-07","18.836","112"
"V1786","2018-11-08","19.003","128"
"V1787","2018-11-09","19.579","150"
"V1788","2018-11-10","18.821","152"
"V1789","2018-11-11","19.442","145"
"V1790","2018-11-12","18.711","133"
"V1791","2018-11-13","18.54","117"
"V1792","2018-11-14","18.873","122"
"V1793","2018-11-15","18.957","132"
"V1794","2018-11-16","18.957","146"
"V1795","2018-11-17","19.857","152"
"V1796","2018-11-18","22.362","167"
"V1797","2018-11-19","18.861","123"
"V1798","2018-11-20","18.371","137"
"V1799","2018-11-21","18.516","139"
"V1800","2018-11-22","16.607","179"
"V1801","2018-11-23","17.114","187"
"V1802","2018-11-24","17.337","204"
"V1803","2018-11-25","17.462","176"
"V1804","2018-11-26","17.587","128"
"V1805","2018-11-27","17.738","151"
"V1806","2018-11-28","19.163","146"
"V1807","2018-11-29","19.858","118"
"V1808","2018-11-30","18.077","151"
"V1809","2018-12-01","18.223","183"
"V1810","2018-12-02","19.083","157"
"V1811","2018-12-03","18.688","111"
"V1812","2018-12-04","18.693","145"
"V1813","2018-12-05","18.728","106"
"V1814","2018-12-06","18.862","138"
"V1815","2018-12-07","18.429","204"
"V1816","2018-12-08","18.56","187"
"V1817","2018-12-09","20.462","172"
"V1818","2018-12-10","18.305","159"
"V1819","2018-12-11","18.924","152"
"V1820","2018-12-12","18.436","172"
"V1821","2018-12-13","18.575","149"
"V1822","2018-12-14","21.281","169"
"V1823","2018-12-15","18.536","234"
"V1824","2018-12-16","18.721","208"
"V1825","2018-12-17","18.288","180"
"V1826","2018-12-18","19.17","180"
"V1827","2018-12-19","18.069","176"
"V1828","2018-12-20","17.683","197"
"V1829","2018-12-21","17.149","268"
"V1830","2018-12-22","17.236","232"
"V1831","2018-12-23","16.794","228"
"V1832","2018-12-24","17.277","181"
"V1833","2018-12-25","18.314","247"
"V1834","2018-12-26","18.902","217"
"V1835","2018-12-27","19.12","232"
"V1836","2018-12-28","19.688","184"
"V1837","2018-12-29","19.301","235"
"V1838","2018-12-30","17.708","261"
"V1839","2018-12-31","18.401","226"
"V1840","2019-01-01","18.554","224"
"V1841","2019-01-02","18.968","252"
"V1842","2019-01-03","19.278","210"
"V1843","2019-01-04","19.968","216"
"V1844","2019-01-05","21.457","191"
"V1845","2019-01-06","21.317","186"
"V1846","2019-01-07","20.421","206"
"V1847","2019-01-08","21.039","197"
"V1848","2019-01-09","21.357","168"
"V1849","2019-01-10","21.613","179"
"V1850","2019-01-11","22.034","199"
"V1851","2019-01-12","21.689","247"
"V1852","2019-01-13","21.765","196"
"V1853","2019-01-14","21.888","184"
"V1854","2019-01-15","22.183","160"
"V1855","2019-01-16","21.585","186"
"V1856","2019-01-17","21.669","152"
"V1857","2019-01-18","21.491","143"
"V1858","2019-01-19","21.712","199"
"V1859","2019-01-20","21.713","202"
"V1860","2019-01-21","22.287","165"
"V1861","2019-01-22","21.692","149"
"V1862","2019-01-23","23.434","143"
"V1863","2019-01-24","22.542","176"
"V1864","2019-01-25","22.291","180"
"V1865","2019-01-26","22.221","210"
"V1866","2019-01-27","22.034","195"
"V1867","2019-01-28","22.118","166"
"V1868","2019-01-29","22.362","155"
"V1869","2019-01-30","23.16","155"
"V1870","2019-01-31","23.22","151"
"V1871","2019-02-01","23.309","188"
"V1872","2019-02-02","22.685","197"
"V1873","2019-02-03","22.843","154"
"V1874","2019-02-04","22.273","186"
"V1875","2019-02-05","21.153","197"
"V1876","2019-02-06","21.049","157"
"V1877","2019-02-07","20.237","240"
"V1878","2019-02-08","21.559","196"
"V1879","2019-02-09","20.539","227"
"V1880","2019-02-10","20.55","269"
"V1881","2019-02-11","19.839","191"
"V1882","2019-02-12","19.751","184"
"V1883","2019-02-13","20.727","162"
"V1884","2019-02-14","21.386","136"
"V1885","2019-02-15","21.171","160"
"V1886","2019-02-16","21.46","186"
"V1887","2019-02-17","20.811","172"
"V1888","2019-02-18","20.469","166"
"V1889","2019-02-19","20.921","163"
"V1890","2019-02-20","20.943","160"
"V1891","2019-02-21","20.536","130"
"V1892","2019-02-22","21.349","160"
"V1893","2019-02-23","21.485","200"
"V1894","2019-02-24","21.452","221"
"V1895","2019-02-25","21.596","200"
"V1896","2019-02-26","24.432","195"
"V1897","2019-02-27","21.965","186"
"V1898","2019-02-28","22.227","147"
"V1899","2019-03-01","21.472","192"
"V1900","2019-03-02","24.006","284"
"V1901","2019-03-03","21.707","259"
"V1902","2019-03-04","22.396","204"
"V1903","2019-03-05","21.79","164"
"V1904","2019-03-06","22.272","162"
"V1905","2019-03-07","22.264","151"
"V1906","2019-03-08","22.807","182"
"V1907","2019-03-09","23.014","221"
"V1908","2019-03-10","22.461","164"
"V1909","2019-03-11","22.79","153"
"V1910","2019-03-12","22.991","152"
"V1911","2019-03-13","23.259","134"
"V1912","2019-03-14","22.716","244"
"V1913","2019-03-15","23.85","227"
"V1914","2019-03-16","23.7","268"
"V1915","2019-03-17","22.923","252"
"V1916","2019-03-18","22.706","191"
"V1917","2019-03-19","22.888","188"
"V1918","2019-03-20","22.781","176"
"V1919","2019-03-21","21.851","178"
"V1920","2019-03-22","22.084","241"
"V1921","2019-03-23","21.213","255"
"V1922","2019-03-24","21.678","242"
"V1923","2019-03-25","21.015","194"
"V1924","2019-03-26","20.906","186"
"V1925","2019-03-27","20.709","169"
"V1926","2019-03-28","20.635","177"
"V1927","2019-03-29","20.325","216"
"V1928","2019-03-30","20.969","236"
"V1929","2019-03-31","21.173","205"
"V1930","2019-04-01","21.174","178"
"V1931","2019-04-02","20.346","138"
"V1932","2019-04-03","21.353","176"
"V1933","2019-04-04","21.048","133"
"V1934","2019-04-05","21.292","168"
"V1935","2019-04-06","20.734","224"
"V1936","2019-04-07","22.548","204"
"V1937","2019-04-08","21.038","168"
"V1938","2019-04-09","20.916","183"
"V1939","2019-04-10","20.934","158"
"V1940","2019-04-11","20.838","148"
"V1941","2019-04-12","22.242","165"
"V1942","2019-04-13","21.071","200"
"V1943","2019-04-14","20.781","207"
"V1944","2019-04-15","21.363","194"
"V1945","2019-04-16","20.881","161"
"V1946","2019-04-17","21.395","157"
"V1947","2019-04-18","20.898","177"
"V1948","2019-04-19","21.46","161"
"V1949","2019-04-20","21.211","165"
"V1950","2019-04-21","20.887","169"
"V1951","2019-04-22","21.513","165"
"V1952","2019-04-23","21.067","137"
"V1953","2019-04-24","21.366","146"
"V1954","2019-04-25","20.932","141"
"V1955","2019-04-26","21.521","140"
"V1956","2019-04-27","21.553","157"
"V1957","2019-04-28","21.599","168"
"V1958","2019-04-29","23.638","106"
"V1959","2019-04-30","22.357","142"
"V1960","2019-05-01","20.324","173"
"V1961","2019-05-02","20.337","177"
"V1962","2019-05-03","20.406","148"
"V1963","2019-05-04","20.363","193"
"V1964","2019-05-05","20.324","196"
"V1965","2019-05-06","20.54","147"
"V1966","2019-05-07","19.4","157"
"V1967","2019-05-08","18.905","183"
"V1968","2019-05-09","18.854","145"
"V1969","2019-05-10","19.184","165"
"V1970","2019-05-11","20.162","170"
"V1971","2019-05-12","32.689","165"
"V1972","2019-05-13","18.838","138"
"V1973","2019-05-14","19.419","145"
"V1974","2019-05-15","19.402","148"
"V1975","2019-05-16","19.281","125"
"V1976","2019-05-17","19.74","156"
"V1977","2019-05-18","20.034","168"
"V1978","2019-05-19","19.805","154"
"V1979","2019-05-20","20.045","138"
"V1980","2019-05-21","20.125","152"
"V1981","2019-05-22","19.331","171"
"V1982","2019-05-23","19.861","139"
"V1983","2019-05-24","19.888","140"
"V1984","2019-05-25","20.199","187"
"V1985","2019-05-26","20.337","171"
"V1986","2019-05-27","20.34","153"
"V1987","2019-05-28","20.463","155"
"V1988","2019-05-29","21.811","118"
"V1989","2019-05-30","20.446","155"
"V1990","2019-05-31","20.307","164"
"V1991","2019-06-01","20.256","174"
"V1992","2019-06-02","21.012","170"
"V1993","2019-06-03","20.432","138"
"V1994","2019-06-04","20.945","151"
"V1995","2019-06-05","21.024","151"
"V1996","2019-06-06","21.243","154"
"V1997","2019-06-07","20.659","153"
"V1998","2019-06-08","21.23","193"
"V1999","2019-06-09","21.124","197"
"V2000","2019-06-10","20.914","164"
"V2001","2019-06-11","21.243","167"
"V2002","2019-06-12","20.596","149"
"V2003","2019-06-13","20.806","161"
"V2004","2019-06-14","21.572","152"
"V2005","2019-06-15","22.654","164"
"V2006","2019-06-16","20.867","169"
"V2007","2019-06-17","22.045","177"
"V2008","2019-06-18","26.043","141"
"V2009","2019-06-19","21.432","162"
"V2010","2019-06-20","21.764","149"
"V2011","2019-06-21","21.18","140"
"V2012","2019-06-22","21.515","127"
"V2013","2019-06-23","21.214","144"
"V2014","2019-06-24","21.88","162"
"V2015","2019-06-25","21.029","188"
"V2016","2019-06-26","19.14","230"
"V2017","2019-06-27","19.315","209"
"V2018","2019-06-28","19","177"
"V2019","2019-06-29","19.446","163"
"V2020","2019-06-30","19.281","220"
"V2021","2019-07-01","19.491","198"
"V2022","2019-07-02","19.877","180"
"V2023","2019-07-03","19.919","174"
"V2024","2019-07-04","20.01","170"
"V2025","2019-07-05","20.048","182"
"V2026","2019-07-06","20.111","147"
"V2027","2019-07-07","20.266","192"
"V2028","2019-07-08","20.61","180"
"V2029","2019-07-09","21.201","174"
"V2030","2019-07-10","22.892","154"
"V2031","2019-07-11","21.606","144"
"V2032","2019-07-12","22.573","161"
"V2033","2019-07-13","27.053","177"
"V2034","2019-07-14","22.542","176"
"V2035","2019-07-15","22.967","179"
"V2036","2019-07-16","22.983","149"
"V2037","2019-07-17","23.447","152"
"V2038","2019-07-18","23.924","149"
"V2039","2019-07-19","23.591","134"
"V2040","2019-07-20","24.334","143"
"V2041","2019-07-21","23.717","157"
"V2042","2019-07-22","23.472","140"
"V2043","2019-07-23","23.511","129"
"V2044","2019-07-24","23.547","142"
"V2045","2019-07-25","22.92","136"
"V2046","2019-07-26","22.96","176"
"V2047","2019-07-27","23.135","141"
"V2048","2019-07-28","24.361","141"
"V2049","2019-07-29","22.516","155"
"V2050","2019-07-30","30.347","174"
"V2051","2019-07-31","22.7","170"
"V2052","2019-08-01","22.71","146"
"V2053","2019-08-02","23.8","189"
"V2054","2019-08-03","24.906","146"
"V2055","2019-08-04","24.909","154"
"V2056","2019-08-05","25.46","150"
"V2057","2019-08-06","25.743","132"
"V2058","2019-08-07","25.761","135"
"V2059","2019-08-08","25.089","133"
"V2060","2019-08-09","25.57","145"
"V2061","2019-08-10","25.377","142"
"V2062","2019-08-11","28.735","154"
"V2063","2019-08-12","26.295","152"
"V2064","2019-08-13","25.623","141"
"V2065","2019-08-14","25.189","202"
"V2066","2019-08-15","24.959","169"
"V2067","2019-08-16","25.184","161"
"V2068","2019-08-17","25.614","168"
"V2069","2019-08-18","25.905","179"
"V2070","2019-08-19","25.051","162"
"V2071","2019-08-20","25.344","139"
"V2072","2019-08-21","24.86","149"
"V2073","2019-08-22","25.429","132"
"V2074","2019-08-23","25.093","159"
"V2075","2019-08-24","25.206","165"
"V2076","2019-08-25","25.147","166"
"V2077","2019-08-26","25.335","140"
"V2078","2019-08-27","25.571","149"
